index,total_experience
0,0
1,4000
2,9600
3,16800
4,25600
5,36000
6,48000
7,61600
8,76800
9,93600
10,112000
11,132000
12,153600
13,200000
14,249600
15,302400
16,358400
17,417600
18,534600
19,744600
20,1038600
21,1458600
22,2004600
23,2676600
24,3516600
25,4668600
26,6012600
27,7596600
28,9420600
29,11436600
30,14196600
31,17256600
32,20616600
33,24336600
34,28416600
35,33284400
36,38864000
37,44684000
38,50748800
39,57062800
40,63630400
41,71017600
42,78681500
43,86626500
44,94857000
45,103377400
46,112825200
47,122586000
48,132664200
49,143064200
50,153790400
51,165551800
52,177662500
53,190126900
54,202949400
55,216134400
56,230462400
57,245176000
58,260279600
59,275777600
60,291674400
61,308822000
62,326391500
63,344387300
64,362813800
65,381675400
66,401895600
67,422574000
68,443715000
69,465323000
70,487402400
71,510948200
72,534988500
73,559527700
74,584570200
75,610120400
76,637244800
77,664900000
78,693090400
79,721820400
80,751094400
81,782050400
82,813573500
83,845668100
84,878338600
85,911589400
86,946630000
87,982274000
88,1018525800
89,1055389800
90,1092870400
91,1132248600
92,1172266500
93,1212928500
94,1254239000
95,1296202400
96,1340171200
97,1384816000
98,1430141200
99,1476151200
100,1526751200
101,1585447200
102,1652371200
103,1727655200
104,1811431200
105,1903831200
106,2004987200
107,2115031200
108,2234095200
109,2362311200
110,2499811200
111,2646727200
112,2803191200
113,2969335200
114,3145291200
115,3331191200
116,3527167200
117,3733351200
118,3949875200
119,4176871200
120,4414471200
121,4662807200
122,4922011200
123,5192215200
124,5473551200
125,5766151200
126,6070147200
127,6385671200
128,6712855200
129,7051831200
130,7402731200
131,7765687200
132,8140831200
133,8528295200
134,8928211200
135,9340711200
136,9765927200
137,10203991200
138,10655035200
139,11119191200
140,11596591200
141,12087367200
142,12591651200
143,13109575200
144,13641271200
145,14186871200
146,14746507200
147,15320311200
148,15908415200
149,16510951200
150,17128051200
151,17759847200
152,18406471200
153,19068055200
154,19744731200
155,20436631200
156,21143887200
157,21866631200
158,22604995200
159,23359111200
160,24129111200
161,24915127200
162,25717291200
163,26535735200
164,27370591200
165,28221991200
166,29090067200
167,29974951200
168,30876775200
169,31795671200
170,32731771200
171,33685207200
172,34656111200
173,35644615200
174,36650851200
175,37674951200
176,38717047200
177,39777271200
178,40855755200
179,41952631200
180,43068031200
181,44202087200
182,45354931200
183,46526695200
184,47717511200
185,48927511200
186,50156827200
187,51405591200
188,52673935200
189,53961991200
190,55269891200
191,56597767200
192,57945751200
193,59313975200
194,60702571200
195,62111671200
196,63541407200
197,64991911200
198,66463315200
199,67955751200
200,69469351200
